Make,Model,Type,Origin,DriveTrain,MSRP,Invoice,EngineSize,Cylinders,Horsepower,MPG_City,MPG_Highway,Weight,Wheelbase,Length
Honda,F-150,SUV,Asia,FWD,26536,63726,2.7,8,225,15,25,5756,95.2,223.9
BMW,F-150,Truck,USA,RWD,43541,19704,1.9,4,494,21,24,3728,111.3,199.6
Chevrolet,A4,Truck,Asia,FWD,28547,74576,5.4,8,404,21,36,5319,115,172.8
BMW,Corolla,Truck,USA,4WD,66027,21848,2.1,6,468,30,39,5785,105.6,169.8
BMW,Civic,SUV,USA,FWD,49531,35592,4.5,,393,17,31,2755,106.1,200.4
Ford,F-150,Coupe,USA,RWD,23712,59743,6.2,4,163,31,18,2634,128.6,213.3
Chevrolet,A4,Coupe,Asia,4WD,53565,20924,5.9,8,424,31,30,3374,126.2,214.7
Chevrolet,A4,SUV,USA,RWD,24208,41208,2.9,4,491,10,34,3321,124.7,179.3
Chevrolet,Cruze,SUV,Europe,RWD,71251,66980,5.8,8,275,13,29,4635,109.2,174.3
BMW,Civic,SUV,Asia,AWD,79213,33614,1.5,4,215,30,39,5535,95.5,161.2
Honda,3 Series,SUV,Asia,AWD,20109,14488,1.6,4,303,20,41,5778,97.8,207.5
Chevrolet,Corolla,SUV,Asia,RWD,70796,53882,4.5,6,420,12,35,5700,105.9,165.4
Audi,3 Series,SUV,Asia,RWD,64268,39923,3.3,4,130,22,19,3322,95.6,189.5
BMW,Civic,Truck,Europe,RWD,50201,62508,3.4,6,487,34,20,5574,95.6,202.1
Ford,Civic,Truck,Asia,AWD,69615,49941,4.3,6,212,26,31,3473,127.1,225.6
Honda,Civic,Truck,Asia,AWD,31967,43165,2.5,6,464,31,15,5481,119.7,181.8
Audi,3 Series,Truck,USA,FWD,72738,15667,2.6,8,424,31,39,4277,105.8,177.5
Audi,Civic,SUV,Asia,FWD,44759,40213,3.9,8,475,19,33,2620,99.6,205.8
Ford,A4,Coupe,Europe,RWD,35172,18114,5.3,8,443,30,18,5956,112.9,203.3
Honda,3 Series,Sedan,Europe,4WD,75112,50321,4.6,8,166,21,31,4137,95.2,183.2
BMW,Civic,SUV,Europe,4WD,51935,21761,3,4,174,24,23,5609,127.8,225
Toyota,A4,Sedan,Europe,AWD,76204,45116,3.7,4,144,30,38,3864,109.5,219.1
Honda,Cruze,Coupe,Asia,AWD,72617,47768,2.4,8,359,19,16,3507,109.1,175.7
Ford,Civic,Truck,Asia,AWD,41589,62406,1.9,4,253,23,22,3424,108.7,176.7
Audi,3 Series,Coupe,Europe,RWD,45015,39426,5.4,4,254,22,29,3144,97.4,195.9
BMW,F-150,SUV,Europe,4WD,44009,31772,2.8,6,462,14,21,4532,117.3,214.2
Honda,Civic,Truck,Asia,FWD,32773,52218,2.4,,333,15,41,5261,120.7,163.1
Toyota,F-150,SUV,Europe,RWD,75910,17712,5,6,150,33,20,5407,118.7,208.5
Toyota,A4,Truck,USA,FWD,77046,15367,4.6,6,405,11,15,4568,99.8,205.4
Chevrolet,Cruze,Sedan,Europe,FWD,56125,54957,4.7,4,361,31,29,2741,115.3,176.2
Chevrolet,Corolla,Sedan,Europe,RWD,41143,55781,2.6,8,414,26,37,5002,114.9,207.7
Ford,Cruze,Sedan,USA,FWD,21154,63606,2.7,4,224,13,40,5510,125.4,225.8
Honda,Civic,Coupe,USA,4WD,36804,40200,2.6,4,498,23,21,5168,108.3,163.3
Honda,F-150,SUV,Asia,FWD,56688,65924,2.4,4,344,19,43,4850,108,182.4
Audi,F-150,Coupe,Asia,4WD,79288,17726,4.8,6,129,12,44,4119,116.6,190.7
Audi,3 Series,Sedan,USA,4WD,66195,37616,5.7,6,221,34,39,3302,117.2,222.9
Audi,F-150,SUV,USA,4WD,35581,41723,5.1,6,224,12,31,3463,111.4,227.4
Chevrolet,3 Series,Sedan,Asia,AWD,67648,51574,5.5,8,136,24,16,2568,110.5,191.1
Honda,A4,Coupe,Europe,FWD,45087,48958,3.5,4,269,15,41,3652,112.3,212.5
Honda,Corolla,Coupe,USA,RWD,64930,23108,4.8,8,223,26,23,2695,125.1,197.2
Toyota,Civic,Coupe,Asia,RWD,47981,26178,3.3,6,456,21,43,4687,111.1,197.6
Chevrolet,3 Series,Sedan,Europe,FWD,18762,49643,4.1,8,134,31,23,4830,127.9,179.5
BMW,Corolla,SUV,USA,AWD,61167,45324,3.9,4,186,29,27,4859,112.6,175.2
Chevrolet,F-150,SUV,Europe,AWD,24768,52360,2.4,4,233,33,20,3245,128.2,180.2
BMW,F-150,Sedan,Asia,4WD,58408,31824,3.4,6,295,20,20,4188,124.1,198.9
Toyota,Corolla,SUV,USA,FWD,54499,59360,6.3,6,373,34,34,2776,107.7,162
Ford,F-150,Sedan,Europe,FWD,75280,22927,2.7,8,300,13,34,2560,125.2,223.5
Honda,A4,SUV,USA,RWD,67269,42144,2.2,6,468,15,35,5890,98.9,170.9
Toyota,A4,Truck,Europe,FWD,53559,45010,3.6,6,384,10,17,4413,127.4,175.4
Honda,Corolla,Truck,Asia,AWD,63590,36443,5.5,4,176,29,31,4599,117.1,196.3
Audi,3 Series,Coupe,Asia,FWD,23783,28437,4.4,6,158,32,31,4700,96.9,209.7
Ford,3 Series,Truck,USA,RWD,61389,58298,4.9,6,225,25,26,4272,117.5,166.7
Ford,Corolla,Truck,Europe,4WD,44781,53778,2.4,4,208,24,30,3834,129.1,182.2
Toyota,3 Series,Truck,USA,RWD,45811,25207,4.6,4,323,26,29,4337,97.4,227.8
Ford,3 Series,Sedan,USA,RWD,63787,70269,3.1,8,377,17,27,5091,114.4,178.4
BMW,A4,Truck,Europe,4WD,50488,74233,5.7,6,167,21,37,3066,121.2,181.9
Ford,3 Series,Truck,Europe,RWD,23905,39537,4.6,4,168,31,15,5960,123.4,218.6
Honda,Cruze,Coupe,Europe,RWD,24127,49757,2.5,8,264,30,31,4071,109.5,163.5
Honda,Civic,Truck,Asia,FWD,37431,26040,1.8,8,404,19,17,3121,102.1,192.5
Honda,F-150,Truck,USA,FWD,76681,55986,1.7,6,496,24,40,4525,96.5,186.6
Honda,Cruze,SUV,USA,4WD,78483,36612,3.4,6,261,18,29,3700,115.3,182.2
BMW,3 Series,Coupe,Asia,FWD,72184,42441,2.8,,464,11,18,5933,110.9,180
Chevrolet,A4,Coupe,Europe,FWD,64153,20471,4.7,4,441,14,18,2813,128.2,166.4
Audi,Corolla,Coupe,Asia,RWD,21368,49631,4,8,408,15,32,5354,97.1,182
Toyota,3 Series,Coupe,Asia,AWD,42424,57461,2.8,6,478,16,31,5395,119,163
Honda,A4,Coupe,Asia,FWD,61824,40523,2.2,4,442,30,33,4644,95.9,214.7
Ford,Civic,Coupe,USA,AWD,60004,45348,2.1,4,486,34,25,5428,101,187.9
Honda,3 Series,Sedan,Asia,FWD,33333,15177,5.8,8,141,10,34,3736,110.9,191.1
Ford,Corolla,Truck,USA,FWD,38116,18760,2.7,6,453,32,17,5376,110.9,222.6
Audi,A4,Coupe,USA,4WD,62219,46779,4.8,8,208,16,22,2636,119,206.1
Audi,A4,Truck,USA,4WD,71985,35636,5.6,8,150,29,28,3529,126.9,160.6
Audi,A4,Truck,Europe,4WD,65069,30353,4.6,8,349,34,40,5558,117.4,226
Ford,Civic,Sedan,USA,AWD,67326,67551,5.8,4,440,21,15,4656,128.4,176.6
Honda,3 Series,Coupe,USA,RWD,58201,25556,3.5,4,482,25,28,5094,125.9,167.5
Audi,Civic,SUV,Europe,FWD,30525,41598,6.3,,120,25,16,5610,115.5,213.8
BMW,F-150,Sedan,USA,FWD,38398,25563,2.2,6,399,20,43,3161,124.2,195
Ford,F-150,SUV,Asia,FWD,47857,60819,2,8,238,30,37,4972,117.5,190.4
Ford,3 Series,Truck,Asia,AWD,65861,57790,4.8,8,458,13,18,5177,97.7,177.5
Honda,Civic,Truck,USA,4WD,25361,22234,6.2,8,423,22,38,4808,120.9,198.3
Ford,Corolla,Sedan,Europe,RWD,31369,39519,5.5,6,484,16,41,5997,98.3,179.2
Ford,A4,Sedan,Asia,AWD,76582,40966,1.9,4,191,13,43,2586,115.8,223.1
Audi,A4,SUV,Europe,4WD,18041,68597,2.9,4,379,24,33,5012,119.6,175.1
Honda,3 Series,Coupe,Europe,AWD,15105,30173,6.2,,224,28,20,4623,97.3,221.9
Audi,F-150,SUV,Asia,RWD,24078,73889,2.8,8,496,18,39,5018,103.1,199.2
Audi,F-150,Sedan,Europe,4WD,40003,40987,5.4,8,210,20,15,4961,127,218
Honda,A4,SUV,Asia,AWD,77768,27178,5.6,8,453,17,31,5372,116.6,209.9
Toyota,3 Series,Sedan,Europe,RWD,66047,53338,4,6,238,10,22,5442,103.6,208.8
Audi,Civic,SUV,Asia,FWD,21090,72348,3.4,4,372,32,33,5273,119.2,182.7
BMW,F-150,Sedan,USA,RWD,72660,38596,3.8,8,198,34,35,5004,115.9,176.4
BMW,Civic,Sedan,Asia,FWD,53850,47174,2.6,6,351,33,15,3808,112.6,174.8
Ford,F-150,Sedan,Asia,AWD,64786,55974,5.9,8,437,17,19,5810,129.2,220
BMW,F-150,Coupe,Asia,4WD,16925,18431,3.8,8,203,22,41,4200,118.9,217.4
Ford,Cruze,SUV,Asia,4WD,33440,73182,5.9,4,313,31,30,5200,108.1,190.8
Toyota,F-150,SUV,Europe,AWD,54685,41764,2,8,348,13,20,5219,123,169.3
Honda,Corolla,SUV,USA,4WD,67296,35627,6.4,4,251,17,22,5943,126,186.8
Honda,3 Series,Sedan,Asia,4WD,79870,53310,3.7,4,349,12,27,2994,99.4,203.4
Honda,3 Series,SUV,Europe,FWD,74614,70088,1.7,4,374,18,30,4147,102,191.8
BMW,Civic,SUV,USA,AWD,41015,22906,1.7,6,264,11,44,4442,102.6,214.6
Toyota,F-150,Sedan,USA,RWD,48320,50914,5.2,6,440,11,17,3568,119.2,229.8
BMW,Corolla,Truck,USA,FWD,79881,58814,4.8,4,107,22,33,3924,116.1,173.4
BMW,Civic,Sedan,USA,AWD,40291,59379,5.5,8,383,24,26,5818,116.7,192.2
Toyota,Cruze,SUV,Asia,FWD,69535,27076,2,4,104,32,30,3096,127.9,190.2
Toyota,Civic,Sedan,Asia,RWD,51679,63292,1.7,8,244,21,41,2949,122.2,181.3
Toyota,Civic,Truck,Europe,RWD,41289,51650,4,4,200,13,25,2984,99.5,173.9
Toyota,F-150,Sedan,Europe,AWD,78323,60881,3.4,8,263,17,24,3145,107.2,164.6
Honda,Cruze,SUV,Europe,RWD,18389,60413,3.8,6,473,18,39,5167,110.2,222.1
Chevrolet,Civic,Truck,USA,FWD,40683,20012,6.5,8,246,32,34,5589,108.9,189.4
Chevrolet,Corolla,Coupe,USA,RWD,28629,64115,6.4,4,163,14,18,4129,118.4,194.8
Toyota,Corolla,SUV,Asia,FWD,76550,21151,6.2,,190,33,26,3161,126.2,224.2
Chevrolet,3 Series,Truck,USA,FWD,39826,71716,5.4,8,216,29,37,3257,105.7,214.3
Chevrolet,Cruze,Truck,USA,RWD,50198,42211,3.3,8,453,27,16,2788,114.3,169.1
Toyota,Cruze,Coupe,USA,AWD,41630,41117,3.6,8,366,20,38,5985,122.6,199.6
Chevrolet,3 Series,Sedan,Europe,4WD,48226,50378,4.2,8,409,24,36,3220,109.6,191
BMW,Civic,Sedan,Europe,RWD,61163,56652,5.7,8,272,31,33,3137,100.9,215.8
Ford,Cruze,SUV,Asia,FWD,47975,20894,1.8,6,146,18,39,4782,111.6,210.7
Ford,Corolla,Coupe,USA,FWD,15899,27467,3.6,6,239,26,19,4963,96.9,208.3
Toyota,Corolla,Sedan,USA,RWD,26653,45010,1.9,6,345,21,22,5485,128,183.8
Honda,F-150,Coupe,Asia,AWD,42961,70463,4.1,6,248,16,21,2998,97.6,216.3
Toyota,Cruze,Sedan,USA,AWD,31405,63257,6,4,345,19,28,5521,110.3,163.7
Honda,Civic,Truck,USA,FWD,23601,68691,5.4,6,494,34,38,3133,113.5,171.2
Ford,3 Series,Sedan,Europe,FWD,48662,56641,2.6,8,104,34,37,4173,129.5,183.5
Toyota,3 Series,Coupe,Asia,AWD,48282,26289,6.4,8,283,19,17,4530,100.8,165.4
Audi,Civic,Truck,Asia,4WD,71446,58976,4.8,6,119,22,32,5567,99,176.4
BMW,A4,Truck,Asia,RWD,36288,57596,1.6,8,145,28,30,2614,95.3,218.1
Chevrolet,F-150,Truck,Asia,FWD,72019,37171,2.8,6,111,20,37,5479,100.4,226.4
Honda,3 Series,Coupe,Europe,FWD,44545,48905,2.8,8,169,22,33,3173,102.3,181.3
Audi,Cruze,SUV,Europe,AWD,51877,74760,1.8,4,116,30,33,4236,117.1,178.5
Chevrolet,F-150,SUV,USA,RWD,61026,34829,6.3,,470,17,32,3757,102.7,179.6
Chevrolet,Cruze,SUV,USA,AWD,30313,66682,3.9,6,246,17,34,5582,95.7,179.4
Toyota,Corolla,Coupe,USA,RWD,30349,48054,6,6,253,13,30,4753,123.9,162.5
Chevrolet,F-150,Truck,USA,RWD,22179,62478,3.1,6,403,24,22,4794,107.8,224.9
BMW,3 Series,SUV,Europe,RWD,25326,58139,2.1,8,207,20,42,5305,107.4,175
Audi,F-150,Coupe,Asia,FWD,59555,62713,3.9,6,335,20,15,5698,105.6,189.4
Chevrolet,F-150,SUV,Europe,4WD,75300,43734,2.1,4,407,10,31,2646,129.1,160.7
Toyota,F-150,Sedan,USA,AWD,16560,21052,3.9,8,451,26,26,4665,101,220.1
BMW,A4,SUV,Europe,4WD,28612,17654,6.1,6,169,24,44,5953,126.4,211.2
Ford,F-150,SUV,Asia,AWD,32650,37486,4.1,8,282,29,35,2911,122.2,226.3
Audi,Cruze,Truck,Asia,RWD,41745,32743,4.6,8,349,15,25,4187,97.7,214.7
Chevrolet,Corolla,Coupe,Europe,FWD,46890,62368,2.3,6,327,33,19,4910,129.5,182
Toyota,Civic,Truck,Europe,4WD,35022,38489,1.7,8,201,31,41,4032,104.5,177.4
Ford,F-150,Truck,Europe,FWD,73093,22636,2.1,4,174,34,26,2636,98.5,208.8
Ford,3 Series,Truck,USA,AWD,67579,20441,4.5,4,315,24,31,5746,124,185.5
Honda,F-150,Truck,Europe,FWD,19780,68199,2,8,498,18,20,5860,119.7,199.6
BMW,3 Series,Truck,Europe,FWD,33311,38611,3.4,6,302,23,15,5505,116.6,160.4
Chevrolet,Cruze,SUV,Europe,4WD,43380,68355,4.3,8,291,27,19,2518,100.5,164.3
Toyota,3 Series,Truck,Asia,RWD,59662,56435,3.4,4,348,26,39,4742,111.7,197.5
Honda,Civic,Truck,Asia,FWD,17356,26149,2.3,8,341,27,42,4877,122.3,199.6
BMW,Corolla,Coupe,USA,RWD,19790,48566,2.9,8,278,14,28,4459,105.6,212.6
Honda,3 Series,Sedan,USA,AWD,41911,73189,6.1,4,318,29,19,4722,105.9,169.2
Audi,3 Series,SUV,Asia,FWD,64458,56368,4.9,8,181,29,36,3501,95.1,195.9
BMW,Corolla,SUV,Asia,4WD,39363,35675,4,8,191,18,38,2948,101.1,173.6
BMW,Civic,SUV,Asia,AWD,35049,19495,1.6,6,274,20,41,4448,125.6,166.5
Chevrolet,F-150,Truck,Europe,AWD,25181,56668,6.5,6,338,33,15,3445,110.5,188.7
BMW,3 Series,Truck,Europe,4WD,54825,27673,4.9,4,359,31,44,3877,129.4,171.4
Honda,Corolla,Truck,Asia,FWD,31082,25130,3.1,4,490,10,32,4022,108.8,175.5
BMW,Cruze,Coupe,Europe,FWD,15661,36668,5.9,4,464,27,30,2640,120,182.2
Chevrolet,Corolla,Sedan,Europe,AWD,52412,29222,2.8,6,262,15,23,5305,104.9,178.2
Chevrolet,Cruze,Truck,USA,FWD,63479,37669,4.2,4,147,11,33,4420,107.7,166.1
Audi,Civic,Sedan,Asia,RWD,72655,48068,4.7,4,428,24,36,5477,101.7,166.3
Honda,F-150,Coupe,Asia,4WD,17920,37253,2.6,4,427,30,19,2592,107.1,173.5
Ford,Corolla,SUV,Europe,RWD,40658,23435,6.4,6,215,23,41,2738,114.2,163.5
Ford,A4,Truck,Asia,FWD,63770,42552,5.2,8,436,14,16,2704,129.7,203.9
BMW,3 Series,Sedan,USA,AWD,75315,66249,4.3,4,436,15,44,5107,118.2,180.1
Audi,Civic,Sedan,USA,4WD,29025,51384,2.4,8,468,15,29,3956,102,179.6
Toyota,Corolla,Truck,USA,FWD,23946,30393,1.8,4,324,31,21,2744,96.6,183.2
BMW,3 Series,SUV,Asia,FWD,43706,24617,3.1,8,451,27,18,3331,99.4,206.4
Audi,Corolla,SUV,Asia,AWD,60500,52520,5.3,6,427,23,15,5888,114.7,220.9
Honda,Cruze,SUV,Asia,AWD,54004,23852,2.8,6,246,19,27,5472,121.8,213.1
Honda,Corolla,Coupe,Asia,RWD,31309,45401,4.2,4,162,23,34,2794,127.9,210.9
Honda,A4,Sedan,Asia,4WD,70230,73975,5.1,8,393,22,36,5187,95.6,193.9
Honda,Corolla,Sedan,USA,4WD,61286,20295,2,6,422,12,21,3355,113.3,208.6
Honda,Corolla,Sedan,Europe,AWD,48120,67967,4.9,4,424,15,29,5853,111.5,198.7
Audi,A4,Coupe,USA,RWD,73246,64224,2,4,112,17,37,4564,118,175.1
Audi,Civic,Sedan,Asia,4WD,45027,49993,6.3,6,288,21,28,2570,114.6,174.6
Chevrolet,Corolla,Coupe,USA,AWD,76232,48084,3.9,6,386,22,37,3792,119,180.7
Ford,A4,SUV,Asia,FWD,22005,68851,2.3,4,307,20,33,3848,118,223.8
Honda,3 Series,Truck,Asia,4WD,61804,59105,3.2,8,213,21,36,2804,99.1,198.3
Toyota,Cruze,Sedan,USA,RWD,64310,53575,3.6,8,121,10,43,3530,123,211.4
Audi,Cruze,Sedan,Asia,RWD,74321,69826,5.3,8,448,26,38,3837,99.3,184.3
Toyota,Corolla,SUV,Europe,RWD,15956,50451,5.2,4,313,25,34,3316,119.4,188.5
Toyota,Civic,Truck,Asia,FWD,49839,21227,4.6,6,270,20,43,3626,109.6,168.8
Toyota,Civic,Coupe,Europe,4WD,23595,45910,2,4,422,22,38,3320,113,172
Chevrolet,3 Series,Truck,Europe,4WD,62908,50041,2.3,6,153,27,32,2692,126.6,217.9
Audi,Corolla,SUV,Asia,FWD,27803,37384,2,8,493,20,24,4276,126.1,200.9
Toyota,Cruze,SUV,USA,4WD,75123,14145,4.4,8,397,21,23,3028,123.6,183.6
Honda,Civic,Truck,Europe,FWD,40963,51778,5.9,6,419,15,39,4718,112.9,216.2
BMW,Corolla,Coupe,USA,FWD,51221,30035,3.7,6,225,18,22,2750,120.8,177.3
Toyota,Civic,Coupe,Europe,FWD,54443,17040,2.3,4,376,25,40,4288,113,228.3
Chevrolet,A4,Sedan,Asia,RWD,48723,56422,4.3,8,303,13,44,5958,125.4,184.1
Audi,Civic,Coupe,Asia,4WD,54063,40160,5.6,4,293,12,43,5778,109.1,183.6
Chevrolet,Cruze,Truck,Europe,FWD,63689,63634,5.2,4,268,25,24,5088,129,181.8
Toyota,F-150,SUV,Asia,4WD,65864,66331,5.9,,251,33,31,4526,127.6,168.5
Audi,3 Series,Sedan,Europe,RWD,30282,31633,2.9,8,134,34,16,4963,121,167.8
BMW,3 Series,Sedan,Asia,FWD,19703,43344,2.5,4,283,21,20,5341,104.8,205.4
Toyota,Cruze,SUV,USA,AWD,21563,31014,5.9,4,385,20,40,3903,99.6,221.3
Chevrolet,Civic,Coupe,Asia,RWD,40849,28996,4.8,4,156,14,19,3667,124.9,215.3
Ford,Corolla,SUV,USA,AWD,46860,63104,3.1,4,321,34,42,4572,100.8,169.9
Honda,Civic,Coupe,Asia,4WD,46585,55621,5.2,4,402,27,44,5215,124.9,198.2
Chevrolet,Cruze,SUV,USA,4WD,37015,25695,5.6,4,262,28,23,3596,112.2,167.4
Audi,3 Series,Truck,Asia,RWD,27003,16852,4.6,8,118,32,19,5179,109.2,163.2
Toyota,Civic,Coupe,USA,4WD,58585,30014,4.9,4,469,32,32,4347,126.6,205.9
Honda,3 Series,Truck,Europe,AWD,41958,41042,3.4,,363,15,40,5664,116.1,197.5
Toyota,Corolla,Sedan,Europe,FWD,41017,47755,4.2,4,381,31,34,3004,115.2,165.7
Audi,3 Series,SUV,USA,FWD,26171,54390,4.1,4,212,27,23,4121,114.6,162.4
Toyota,3 Series,Sedan,Asia,FWD,74141,37711,5.7,8,426,15,31,4883,108,229.3
Ford,F-150,Sedan,USA,RWD,60350,40122,5.7,8,129,13,41,4972,122.5,162.1
Honda,F-150,Sedan,Asia,4WD,27201,71993,5.7,6,234,21,31,5046,103.8,191.1
Honda,A4,Sedan,Europe,AWD,44426,23160,1.6,6,166,28,26,3887,127.9,195.3
Audi,F-150,SUV,Asia,4WD,32778,41213,5.2,8,164,11,21,5494,126.3,168.2
Ford,3 Series,Sedan,Europe,4WD,60241,64252,5.3,8,391,26,41,5177,106.8,171.8
Chevrolet,Cruze,SUV,Asia,4WD,57229,53420,4.9,4,124,20,17,3722,120.5,184.6
Toyota,3 Series,SUV,Asia,FWD,36116,71784,5.3,8,136,20,24,3217,115.1,213.3
BMW,Cruze,Truck,Asia,AWD,77731,21421,5.7,6,100,30,16,5984,106.8,195.5
Toyota,Cruze,Coupe,USA,AWD,67866,35400,3.9,4,498,25,39,2838,129.6,204.7
Toyota,F-150,Coupe,USA,4WD,63364,47537,4,6,136,11,17,3158,95.9,229
Chevrolet,Civic,SUV,Europe,FWD,48297,31727,2.1,4,240,11,30,3461,103.8,213.8
Toyota,Corolla,Truck,Europe,FWD,75967,60882,3.4,8,331,32,16,2928,113.2,190.4
Ford,F-150,SUV,USA,AWD,78508,18358,4.7,6,235,17,42,3398,113.3,191.3
Ford,F-150,SUV,Europe,FWD,34342,42482,5.4,4,488,22,38,2638,115.6,203.3
Honda,Civic,SUV,USA,FWD,72056,72921,2.6,4,287,19,24,5489,121.3,206.6
Audi,Corolla,Truck,Asia,FWD,42490,46117,2.2,8,227,17,20,3041,116.8,195
BMW,3 Series,Coupe,Europe,RWD,77233,37164,4.8,8,300,13,36,4604,116,205.1
Toyota,A4,Truck,Europe,4WD,34975,45910,1.5,8,226,24,40,3755,96.9,161.6
Toyota,A4,Sedan,USA,AWD,41723,46496,2.4,6,356,10,25,5205,108.2,190.1
Chevrolet,3 Series,Truck,Europe,AWD,38279,69754,1.6,4,263,20,37,4982,103.1,179.5
Audi,F-150,Truck,Europe,RWD,27765,58311,2.3,8,134,16,21,2883,104.3,169
Ford,Corolla,Truck,Asia,4WD,61678,43371,2.4,6,293,26,41,5107,114.4,167
BMW,F-150,Truck,Europe,AWD,26561,65501,3.4,6,290,29,43,2693,102,202.2
Honda,Cruze,Coupe,Asia,FWD,56899,74946,3.5,6,203,33,29,5081,105.3,196.7
Ford,F-150,Sedan,USA,AWD,15525,52467,5.9,8,122,27,20,5065,103.3,177.8
Audi,F-150,Coupe,Europe,FWD,37861,31625,4.1,8,364,31,34,5263,128.2,193
Honda,3 Series,Coupe,Asia,RWD,64153,47893,5.1,4,389,31,41,5298,128.1,194.5
Chevrolet,3 Series,Truck,USA,FWD,48142,24793,2,4,483,21,23,4732,116.3,173.7
Chevrolet,3 Series,SUV,Europe,AWD,41916,45007,2.6,,359,18,36,4395,127.4,205.6
Toyota,A4,SUV,USA,AWD,79324,39766,5,6,457,14,34,4839,122.5,214.7
Audi,Cruze,Coupe,Europe,AWD,59965,53532,1.8,6,174,19,26,5906,115.6,215.4
BMW,3 Series,Coupe,USA,RWD,75396,68253,3.9,6,454,13,33,3231,95.2,202.2
Honda,Corolla,Truck,USA,RWD,19648,26323,4.5,4,171,14,34,4663,122,195.8
Ford,A4,Coupe,Asia,4WD,50133,59799,4.5,6,358,19,17,5372,119.6,164.3
Audi,Civic,Truck,USA,AWD,65677,60820,1.6,4,497,20,29,5620,116.5,180.1
Audi,Corolla,SUV,Europe,FWD,45523,59408,3.1,4,287,30,16,3184,121.6,166.5
Chevrolet,Corolla,SUV,Europe,RWD,44052,21843,4.7,6,272,33,44,2581,113,227.5
Toyota,3 Series,Sedan,Asia,AWD,49414,28210,2.2,6,389,19,35,5381,119.6,169.5
Toyota,Civic,SUV,Europe,AWD,47781,30456,5,8,144,17,16,4880,127.7,170.6
Honda,Civic,Coupe,Europe,RWD,19599,45367,5.2,8,160,11,36,5104,108.2,222.3
Chevrolet,A4,SUV,Europe,4WD,50046,68624,6.4,6,182,32,17,4882,119.8,226.1
Audi,Civic,Truck,USA,RWD,62064,24106,2.5,4,222,17,20,3031,111.6,213.6
BMW,Cruze,SUV,USA,RWD,50923,51957,5.6,4,457,25,29,4483,118.6,160.4
Chevrolet,3 Series,Sedan,Europe,FWD,56089,16472,4.1,4,115,31,41,2720,121.7,160.1
Honda,Civic,SUV,Asia,FWD,18814,74390,3.4,4,165,14,24,3134,96.6,186.5
Honda,A4,Truck,USA,4WD,60893,63859,2.1,4,244,34,23,4269,117.6,170
Chevrolet,Cruze,Truck,Asia,AWD,50984,64956,5.2,,474,12,15,4870,102.9,161.3
Honda,F-150,Coupe,Europe,RWD,75282,20704,2.7,6,261,21,30,4374,118.5,192.5
Chevrolet,F-150,SUV,Europe,4WD,76272,17713,3.4,8,333,22,20,2502,111.4,226
Ford,Cruze,Truck,USA,FWD,41616,19051,1.8,4,479,22,23,4217,122.1,182.7
Chevrolet,A4,Sedan,Europe,RWD,72371,24756,5.5,4,243,19,41,2705,99.3,206.3
Chevrolet,Cruze,Coupe,USA,AWD,17113,16475,5.3,4,457,13,18,4355,116.9,205.7
Honda,3 Series,Sedan,Europe,FWD,79674,50378,5.2,4,287,18,41,2539,104.7,177.6
Honda,3 Series,SUV,Europe,FWD,73596,18255,3,6,421,31,42,4606,124.9,205.5
Toyota,F-150,SUV,USA,FWD,68508,28484,2.4,4,112,33,16,5498,127.5,174.9
Toyota,Civic,SUV,USA,4WD,58006,74167,4.7,6,283,32,43,5121,129.9,168.5
Ford,A4,Coupe,USA,AWD,28760,70549,4,4,210,11,18,3143,122.9,209.1
Toyota,F-150,Truck,Europe,RWD,36927,48503,2.4,6,389,28,15,4030,121.4,167.9
Chevrolet,Civic,Coupe,Europe,4WD,35939,72929,4.9,8,394,10,33,4407,102.5,229.8
Honda,Civic,Sedan,Asia,4WD,76367,22258,6.5,4,491,34,40,5390,106.8,172.8
Toyota,3 Series,Coupe,USA,4WD,47419,74405,5.2,6,314,16,39,5693,111.3,201.6
Toyota,Corolla,Sedan,Europe,FWD,27588,54747,5.2,8,219,26,24,5166,122.1,188.8
Ford,Corolla,Coupe,Europe,AWD,71214,49196,6.3,4,481,12,35,4643,127,168.8
Audi,Cruze,Truck,USA,4WD,51142,59113,2.5,4,154,29,29,5985,101.6,161.9
Ford,3 Series,Sedan,Asia,RWD,54198,54194,4.3,4,126,29,41,5806,127.3,203.6
Chevrolet,Civic,SUV,USA,AWD,67618,22533,6.4,6,217,30,36,3397,119.3,216.5
Honda,A4,SUV,Asia,RWD,67233,46581,2.3,6,320,12,33,3585,116.4,218.9
Ford,Corolla,Coupe,Europe,AWD,59738,19249,5,8,330,12,30,3779,102,193.8
Toyota,Civic,SUV,Asia,RWD,48397,74118,4.4,6,152,26,35,5108,96.9,214.4
Honda,Corolla,Sedan,Europe,FWD,31653,68443,4.4,6,394,16,41,5452,114.9,207.1
Honda,Corolla,SUV,USA,4WD,25831,33201,5,,420,23,38,4895,117.8,210.7
Toyota,Corolla,Truck,USA,RWD,74337,74005,6.1,4,332,26,36,3170,102.4,194.5
Ford,A4,Truck,USA,AWD,20724,72576,5.4,4,257,27,18,5695,114.5,204.3
Toyota,3 Series,Coupe,Asia,4WD,70049,67026,1.8,4,368,22,16,4005,125,216.4
Audi,A4,Sedan,Europe,4WD,26083,73745,5.8,4,120,29,44,4864,124.2,187.9
Honda,F-150,Truck,USA,AWD,60917,23686,2.6,4,152,29,39,3218,127.5,216.4
BMW,Civic,Truck,USA,RWD,34816,60877,3.4,4,374,30,27,3571,107.8,201.4
BMW,3 Series,Sedan,Europe,FWD,57240,67363,3.8,8,412,27,42,5980,106.1,171.6
Chevrolet,3 Series,SUV,USA,FWD,21276,46007,3.9,8,380,13,15,4455,121.2,161.7
Toyota,3 Series,SUV,Europe,RWD,63403,14661,3.7,8,313,10,31,3659,110.1,185.4
Toyota,3 Series,Coupe,Europe,4WD,53663,58843,6.2,8,130,27,27,5772,98.1,198.3
Chevrolet,A4,SUV,Europe,4WD,28994,44137,5,4,436,10,18,2749,104.9,218.8
Chevrolet,3 Series,Sedan,Europe,4WD,38499,74963,4.7,8,282,22,21,4861,109.7,168.9
Chevrolet,Cruze,Truck,Europe,4WD,38040,61556,1.7,4,122,29,31,4392,105.2,216
Honda,Civic,SUV,Asia,RWD,58320,56828,6,,131,29,23,5939,106.6,220.4
Audi,3 Series,Coupe,USA,4WD,31959,62604,6,6,173,32,18,4353,105.3,170.5
Toyota,Civic,SUV,Asia,AWD,71181,24526,5.4,8,109,19,33,5354,96.5,219.6
Honda,Cruze,Sedan,USA,4WD,21099,17374,1.5,8,153,20,15,4003,117.3,229.4
Chevrolet,Cruze,Coupe,Asia,FWD,57267,39592,1.8,4,151,18,24,5885,115.9,210.9
Toyota,Civic,SUV,Europe,4WD,34576,42982,2.6,8,247,18,18,5926,117.9,214.9
Honda,Corolla,Coupe,USA,RWD,50946,14207,2.2,6,259,14,23,5032,101.7,229.6
Audi,F-150,Sedan,USA,FWD,70204,49433,3.5,4,469,10,27,3734,105.3,202.4
Honda,Corolla,Truck,Asia,RWD,66886,65645,6.1,4,113,26,28,2543,116.7,181.6
Audi,Corolla,Sedan,Asia,RWD,21116,37197,3.9,8,277,31,24,5118,116,218.6
Chevrolet,A4,Sedan,USA,FWD,30563,47400,1.6,4,465,11,20,3082,112.7,203
Audi,Corolla,Sedan,Asia,RWD,41788,73446,2.9,4,152,33,30,5663,107.3,200.7
Toyota,3 Series,Sedan,Asia,RWD,41928,74303,1.7,4,434,22,20,3788,127,177.8
Chevrolet,A4,Truck,Asia,4WD,51336,17083,1.7,4,121,18,31,5442,106.9,212.9
Toyota,A4,Truck,Europe,AWD,24847,43328,2.9,4,129,13,24,2719,110.9,165.7
BMW,Cruze,Coupe,Europe,RWD,41155,60479,2.9,4,290,14,32,4425,118.7,224.7
Ford,Corolla,SUV,Asia,RWD,29135,56891,5.4,6,359,20,41,5472,114,182.8
Audi,Cruze,Truck,Asia,RWD,66355,34103,6.4,8,304,33,36,4948,107.1,168.9
Ford,Civic,Truck,Europe,4WD,32774,53891,3.4,6,158,28,32,5971,110.2,191
Ford,F-150,SUV,Europe,AWD,16742,24754,3.6,4,363,30,17,5274,122.8,163
Audi,A4,Truck,USA,FWD,33309,48447,5.7,4,111,12,34,3490,104.7,207.9
Chevrolet,Civic,Sedan,USA,4WD,15619,29901,2.8,8,218,21,41,5446,100,223.2
BMW,Civic,Sedan,Europe,4WD,32658,47004,2.3,6,389,28,35,4312,106,218.6
Toyota,3 Series,SUV,Asia,AWD,65108,21446,5.8,8,437,28,39,3357,124.7,168.9
Honda,F-150,Coupe,Asia,AWD,49707,51211,1.7,6,347,22,42,3303,98.1,168.8
Toyota,Civic,Coupe,Asia,4WD,35337,69922,4.6,4,453,16,29,2989,129.7,216.9
Honda,Civic,SUV,Asia,FWD,74725,62231,4.3,8,226,24,29,4280,113.9,224.7
Toyota,F-150,SUV,USA,4WD,31001,43301,3.2,8,174,32,18,3993,129.5,192.2
Audi,F-150,Sedan,Europe,AWD,15968,40116,3.1,4,460,16,43,5485,127.9,194.9
BMW,Civic,Coupe,Asia,FWD,62614,69251,5.4,8,303,17,41,5391,110.8,182.3
Honda,F-150,Truck,USA,AWD,40892,55323,1.9,6,148,14,23,4205,101.9,222.6
Chevrolet,Civic,Sedan,Asia,FWD,40619,32752,2.7,6,178,30,41,5840,100.8,205.1
Toyota,Civic,SUV,Europe,RWD,15281,46376,5.2,6,340,23,40,4814,103.4,180.2
Toyota,3 Series,Coupe,USA,AWD,42420,30669,4.2,6,448,13,33,2553,119.9,180.9
Honda,Corolla,Truck,Europe,AWD,30360,46916,2.1,4,253,32,38,5075,104.6,222.4
Chevrolet,Civic,Truck,Europe,4WD,54030,27395,5.9,,373,19,42,3115,106.9,161
Chevrolet,Cruze,Sedan,USA,AWD,16058,34421,3.5,6,195,29,31,3582,110.7,182.6
Audi,A4,Coupe,USA,AWD,35677,69701,5.6,,313,24,25,4348,127,198.8
Audi,Corolla,Coupe,USA,RWD,25724,70273,5.4,8,393,27,39,5611,101.6,170.4
Audi,Corolla,SUV,USA,AWD,43404,40342,4.6,8,308,29,23,5808,95.2,166.4
Audi,Corolla,Coupe,USA,RWD,52946,18895,4,4,442,22,24,3454,97.1,217.1
Audi,3 Series,Coupe,USA,RWD,54748,68432,6.4,4,187,17,32,4933,126.7,222.6
Audi,Civic,Sedan,USA,RWD,44856,64164,2.2,6,405,18,34,4129,117.7,217.7
BMW,3 Series,Coupe,Asia,RWD,24200,25023,5.1,8,363,25,27,5281,104.6,222.9
Chevrolet,Civic,Truck,Europe,FWD,79178,24699,2.5,8,489,28,22,5263,101.2,198.7
Audi,3 Series,Sedan,USA,4WD,48997,23715,3.2,4,424,25,21,3149,105.3,216.9
Chevrolet,3 Series,Sedan,Asia,FWD,40611,33169,3,8,476,16,31,4847,99,186.9
Chevrolet,A4,SUV,Asia,AWD,68737,73900,6.2,6,419,23,35,2894,128,206.6
Ford,Cruze,Coupe,Asia,FWD,56235,66877,6.3,8,256,23,37,5778,122.4,229.2
BMW,3 Series,SUV,Europe,FWD,66892,30163,2.4,4,255,34,29,3859,111.2,175.8
Audi,A4,Truck,USA,AWD,50057,67728,1.6,4,238,13,34,5140,125.3,187.3
Toyota,F-150,Sedan,Asia,AWD,16239,19782,5.1,6,220,24,29,5061,103.7,193.6
Honda,Cruze,Sedan,Europe,AWD,53138,36641,3.6,6,164,12,15,5749,120.1,169.7
Toyota,3 Series,Sedan,Europe,FWD,63938,72945,1.9,8,206,14,39,4943,125,165.7
BMW,Corolla,Truck,Europe,FWD,15125,32792,4.9,8,246,10,28,2870,107.5,218.1
Honda,F-150,Truck,Asia,AWD,76409,63492,4.2,4,236,12,19,3357,121.5,228.4
BMW,F-150,SUV,USA,4WD,60272,49585,6.4,6,261,24,25,3290,105.3,188.3
Chevrolet,A4,SUV,Asia,4WD,38857,44682,2.6,6,199,33,30,3157,105.5,166.1
Honda,F-150,SUV,Asia,RWD,76212,61864,3.5,6,437,17,16,5889,98.7,164.6
Chevrolet,Cruze,Coupe,USA,AWD,73552,32880,4.2,8,498,13,22,5283,110.4,222.4
Toyota,3 Series,Sedan,USA,RWD,30398,69114,5.5,6,406,11,25,3892,120.5,192.5
Toyota,3 Series,Sedan,USA,4WD,69494,52067,4.2,4,240,33,43,2883,127.9,182.4
Honda,Corolla,SUV,Europe,RWD,71503,56685,4.6,4,182,33,32,4609,116.1,193.4
Honda,A4,Sedan,USA,AWD,21638,70726,2.6,8,276,19,17,5052,125.2,182.3
Audi,Corolla,SUV,Asia,AWD,21570,32073,5.7,8,297,13,44,2738,123.8,194.2
BMW,F-150,Coupe,USA,AWD,18249,50035,3.6,6,211,12,40,2694,101.1,220.2
Audi,Corolla,Coupe,Asia,FWD,24110,51174,2.2,8,155,11,15,5225,112,201.5
BMW,Cruze,Truck,Europe,RWD,55363,38837,4.8,4,278,34,25,5793,99.1,208.6
Audi,3 Series,Coupe,Asia,4WD,28605,31826,2.6,6,285,26,30,4608,118.9,185.5
Chevrolet,F-150,SUV,Asia,4WD,27115,38981,2,4,317,32,32,3652,128.2,211.7
Honda,Corolla,Coupe,USA,4WD,54062,24382,5.8,6,415,30,44,5537,99.8,206.7
Toyota,A4,Truck,USA,FWD,37911,18437,3.8,8,316,33,30,5232,120.7,168.4
BMW,Cruze,Sedan,Asia,FWD,53525,19435,5.2,6,219,29,37,4515,117.1,200.1
BMW,Cruze,SUV,USA,AWD,47556,38819,3,6,493,32,24,2655,115.4,178
Toyota,Corolla,Sedan,Europe,4WD,27595,50875,5.4,4,274,22,32,5949,108.7,216.3
Audi,3 Series,Truck,Europe,FWD,77799,45982,2.1,4,122,14,20,3422,107.4,189.8
BMW,Corolla,Truck,USA,AWD,16969,47328,3.3,,312,30,33,5415,96.6,229.6
Chevrolet,F-150,Truck,Europe,4WD,58753,26329,6.4,8,334,18,18,5450,102.6,166.5
Honda,Corolla,Sedan,USA,RWD,32275,74069,5.5,8,112,34,41,4109,95.5,214.6
Toyota,Cruze,Sedan,Asia,AWD,19470,39169,4,4,200,34,27,5546,115.3,207.2
Honda,Corolla,Sedan,Asia,FWD,71327,35932,3.2,8,123,31,38,3474,98.7,213.7
BMW,3 Series,Sedan,Europe,FWD,25225,48594,5.9,4,463,15,28,3730,125.6,181.5
BMW,A4,Truck,USA,AWD,57324,25421,4.2,8,110,14,17,4935,113.3,194.4
Toyota,Civic,Truck,USA,AWD,72472,74631,5.3,6,372,34,24,4314,119.5,215.8
Chevrolet,Corolla,SUV,Europe,FWD,56974,59033,5.3,,380,19,20,5434,109.4,176.3
Ford,3 Series,SUV,Asia,RWD,57759,21629,1.6,4,193,17,15,3337,114.6,175.8
Toyota,3 Series,Sedan,Europe,4WD,38196,22325,2.1,6,300,16,37,4507,128,198.6
Ford,A4,Coupe,Asia,RWD,55287,66290,4.8,4,120,16,38,3863,97.9,196.6
Audi,Cruze,Coupe,USA,AWD,28669,42495,2.3,8,439,15,41,4887,103.9,179.8
Ford,3 Series,Truck,Asia,RWD,52380,45750,2.8,8,310,30,28,2703,122.3,180.9
Chevrolet,3 Series,Truck,Europe,FWD,73862,43619,6.2,4,239,29,22,2660,98.5,179.4
Audi,3 Series,Truck,USA,AWD,60141,54461,4.3,8,392,12,33,2891,97.6,214
Ford,3 Series,SUV,Europe,4WD,65350,22264,5.3,4,397,28,28,3268,107.7,205.6
Audi,F-150,SUV,Europe,FWD,76217,26686,4.3,6,200,31,24,5122,98.2,218.3
Ford,F-150,Truck,Asia,FWD,63320,60484,4.3,4,403,24,31,5081,115.5,228.3
Chevrolet,Cruze,Truck,Europe,4WD,62414,38226,2,6,458,13,23,3593,102.9,193.2
Ford,Corolla,Truck,Asia,4WD,53006,20721,3.2,8,127,21,43,5440,126.3,164.7
Ford,3 Series,Coupe,USA,RWD,30577,70154,2.9,6,140,15,20,2904,122.4,163.4
Ford,A4,SUV,Asia,AWD,74818,34609,3.5,8,454,28,25,3107,119.5,180.7
Toyota,Corolla,Coupe,USA,4WD,37473,66130,5.5,4,402,13,39,4114,116.6,225.3
Toyota,A4,Coupe,Asia,4WD,75829,21373,3.4,8,245,24,21,4040,125.2,196.6
Toyota,Corolla,Truck,Europe,AWD,70409,52675,3.8,4,355,18,31,5375,102.8,179
Chevrolet,Cruze,Truck,Asia,4WD,43625,69249,3.5,4,326,14,42,5691,125.6,187.9
Audi,3 Series,Sedan,Asia,4WD,30504,62895,2,6,335,22,42,4337,122.6,201.9
BMW,3 Series,Sedan,USA,RWD,39089,42937,3.7,6,460,32,15,3189,121.2,205.7
Ford,Civic,Coupe,Europe,FWD,51487,19656,2.5,6,479,27,36,5449,114.6,170.8
Ford,A4,SUV,Asia,FWD,15302,73329,2.4,6,112,14,19,3740,103.6,228.4
Chevrolet,Corolla,Truck,Europe,FWD,46463,22984,2,8,309,34,23,4603,109.8,198.1
Ford,Corolla,Truck,Asia,FWD,59912,43984,3.3,8,328,25,32,2865,122.8,169.5
Toyota,F-150,Coupe,Asia,4WD,44259,67411,5.3,,496,28,38,4222,96.1,222.6
BMW,Civic,Sedan,Europe,AWD,65138,22286,2.9,4,199,23,41,2954,122.4,165.2
Honda,F-150,SUV,Asia,AWD,57823,19901,3.1,8,130,34,35,2603,103.4,223.5
Ford,F-150,Sedan,Europe,RWD,52208,45552,4.7,8,485,25,16,2576,100.1,229.8
Toyota,F-150,Sedan,Asia,RWD,69061,39709,2.5,8,115,24,43,2729,99,209
Honda,A4,Sedan,USA,4WD,45659,45055,6,6,236,31,40,4437,96,213.9
BMW,A4,Sedan,Europe,AWD,79288,51685,4.1,,428,13,25,5829,113.3,183.6
Honda,Cruze,Truck,Asia,AWD,50840,22429,3.7,4,265,16,41,5835,102.6,225.9
Toyota,Cruze,Truck,Asia,FWD,46890,28716,4.3,6,409,25,42,4878,129.6,197.1
Audi,F-150,Sedan,USA,4WD,28598,62563,2.3,4,199,33,20,3705,115.1,211.3
Audi,Civic,SUV,Europe,4WD,62055,25138,4.6,8,208,31,40,3392,99.8,224.7
Honda,Corolla,Coupe,Asia,FWD,61733,49298,3.3,6,442,30,22,4073,119.1,228.3
Chevrolet,A4,SUV,USA,4WD,34508,65112,6,4,272,31,18,5235,126.4,218.3
Honda,Civic,SUV,Asia,4WD,57287,37429,2.3,8,336,30,32,4574,121.1,181.2
Ford,3 Series,SUV,Europe,RWD,28380,64200,4,4,261,17,42,5847,97.7,227.7
Ford,A4,Sedan,Asia,AWD,41984,19772,4.5,4,492,26,25,4175,126.4,204
Audi,A4,Truck,Asia,4WD,59633,62244,1.7,4,315,25,19,2798,122.8,225.1
Chevrolet,Cruze,SUV,Asia,RWD,23125,65681,3.3,8,363,32,29,3456,100.5,207.3
Toyota,Corolla,Sedan,Asia,AWD,51059,62519,5.2,8,362,19,42,5346,96.8,181.5
Ford,Corolla,SUV,USA,FWD,19033,49732,5.6,4,391,19,32,3614,114.5,185.9
Audi,3 Series,SUV,USA,RWD,52873,53905,3.1,,373,11,16,5027,100.5,198.5
BMW,3 Series,Sedan,Europe,RWD,32087,31347,5.5,6,102,18,36,5120,124.2,215.3
Audi,A4,Truck,USA,AWD,55901,30920,6.3,8,127,26,25,5005,107.5,182.3
